"GamesMeter id","titel","jaar","alternatieve titel","platform","stem","geplaatst"
"7045","'Splosion Man","2009","","Xbox 360","3.5","2009-12-07 16:49:40"
"702","7th Guest, The","1993","7th Guest for Windows 95","PC","2.5","2007-10-29 15:47:55"
"16984","80's Overdrive","2017","","Xbox One","2.5","2022-12-13 11:12:56"
"16213","Aaero","2017","Aaero: Complete Edition","Xbox One","3.5","2019-12-20 18:26:19"
"14791","Active Soccer 2","2015","Active Soccer 2 DX","Xbox One","3","2016-04-06 18:30:48"
"4298","Addams Family, The","1992","","Commodore Amiga","2.5","2008-09-09 20:10:58"
"3086","Addiction Pinball","1998","","PC","4","2007-11-04 18:23:36"
"17422","Adventures of Elena Temple, The","2018","","Xbox Series X/S","3","2024-08-27 07:56:17"
"6109","Adventures of Lomax, The","1996","Lomax","PlayStation","4","2022-08-26 12:18:44"
"9935","Adventures of Tintin: The Game, The","2011","The Adventures of Tintin: The Secret of the Unicorn","Xbox 360","3","2020-04-05 16:20:15"
"16882","AER: Memories of Old","2017","","Xbox One","2.5","2023-12-18 14:51:50"
"1507","After Burner II","1987","After Burner","Commodore Amiga","2.5","2007-10-29 15:32:49"
"24843","Agent Intercept","2019","","Xbox Series X/S","4","2024-02-13 11:46:07"
"3139","Agony","1992","","Commodore Amiga","3.5","2007-11-16 00:37:22"
"609","Alan Wake","2010","Alan Wake: Remastered","Xbox 360","4.5","2010-10-01 16:02:42"
"10814","Alan Wake: The Signal","2010","","Xbox 360","3.5","2016-04-08 17:11:35"
"10812","Alan Wake: The Writer","2010","","Xbox 360","3.5","2016-04-08 17:11:52"
"1060","Alien Breed","1991","","Commodore Amiga","3.5","2007-11-05 20:04:38"
"5901","Alien Breed (Special Edition 92)","1992","","Commodore Amiga","3.5","2008-09-11 19:23:53"
"5897","Alien Breed 3D","1995","","Commodore Amiga","3.5","2008-09-11 17:11:26"
"5913","Alien Breed 3D II: The Killing Grounds","1996","","Commodore Amiga","2.5","2008-09-12 17:10:27"
"5896","Alien Breed II: The Horror Continues","1993","","Commodore Amiga","3.5","2008-09-11 17:10:18"
"5895","Alien Breed: Tower Assault","1994","","Commodore Amiga","4","2008-09-11 17:09:32"
"7407","AlienÂ³","1992","Alien 3","Commodore Amiga","2.5","2010-12-15 13:51:36"
"19048","Alto's Adventure","2015","","Apple iOS","3","2019-07-29 23:30:23"
"10856","Amazing Spider-Man, The","2012","","Xbox 360","3.5","2023-12-23 13:51:27"
"9161","Angry Birds","2009","Angry Birds HD","Apple iOS","4","2011-01-12 15:52:04"
"1015","Another World","1991","Out of This World","Commodore Amiga","4","2007-10-29 15:48:03"
"5985","Apidya","1992","","Commodore Amiga","3.5","2008-09-16 19:26:19"
"7383","Apocalypse","1994","","Commodore Amiga","2.5","2009-09-29 17:06:10"
"16034","Aqua Kitty - Milk Mine Defender","2014","Aqua Kitty - Milk Mine Defender DX","Xbox One","3.5","2019-09-25 21:01:06"
"7312","Arabian Nights","1993","","Commodore Amiga","3","2009-09-17 13:39:04"
"21696","Archvale","2021","","Xbox One","4","2022-12-28 15:49:54"
"1368","Arkanoid","1986","Tournament Arkanoid","Commodore Amiga","3.5","2007-10-29 15:40:50"
"4796","Arkanoid DS","2008","","Nintendo DS","4","2008-09-11 14:00:33"
"23725","Arkanoid Eternal Battle","2022","","Xbox Series X/S","3","2023-07-31 16:06:04"
"12385","Arkanoid Live!","2009","","Xbox 360","3","2018-07-31 17:23:57"
"4453","Arkanoid: Revenge of Doh","1987","Arkanoid 2","Commodore Amiga","4","2008-09-10 10:21:33"
"20648","Art of Rally","2020","","Xbox Series X/S","3","2021-12-15 12:28:18"
"21306","Artful Escape, The","2021","","Xbox Series X/S","3.5","2022-01-29 14:21:01"
"24260","Arzette: The Jewel of Faramore","2024","","Xbox Series X/S","3.5","2026-01-05 23:02:11"
"19927","Ascent, The","2021","","Xbox Series X/S","4","2022-05-31 19:28:07"
"22356","Ascent: Cyber Heist, The","2022","","Xbox Series X/S","4","2022-08-23 09:39:06"
"5909","Assassin","1992","","Commodore Amiga","3.5","2008-09-12 16:47:03"
"236","Assassin's Creed","2007","Assassin's Creed (Director's Cut Edition)","Xbox 360","4.5","2008-07-14 15:03:39"
"13219","Assassin's Creed Chronicles: China","2015","","Xbox One","4","2015-08-03 18:28:35"
"6684","Assassin's Creed II","2009","Assassin's Creed II: Special Edition","Xbox 360","4.5","2010-01-25 10:12:43"
"10799","Assassin's Creed III","2012","Assassin's Creed III: Remastered","Xbox 360","3","2014-11-12 01:26:13"
"11025","Assassin's Creed III: Liberation","2012","Assassin's Creed III: Lady Liberty","PlayStation Vita","3.5","2012-11-22 00:26:25"
"11807","Assassin's Creed IV: Black Flag","2013","","Xbox One","4","2015-08-29 02:15:23"
"16459","Assassin's Creed Origins","2017","","Xbox One","4.5","2019-12-16 16:01:27"
"19861","Assassin's Creed Origins: The Curse of the Pharaohs","2018","","Xbox One","4","2022-08-16 21:54:22"
"25352","Assassin's Creed Shadows","2025","","Xbox Series X/S","4","2025-06-07 15:49:51"
"19855","Assassin's Creed Valhalla","2020","","Xbox Series X/S","4","2021-02-08 16:11:25"
"21493","Assassin's Creed Valhalla: The Siege of Paris","2021","","Xbox Series X/S","3","2021-12-30 15:37:58"
"21469","Assassin's Creed Valhalla: Wrath of the Druids","2021","","Xbox Series X/S","3.5","2021-12-30 15:37:48"
"4011","Assassin's Creed: AltaÃ¯r's Chronicles","2008","Assassin's Creed: AltaÃ¯r's Chronicles HD","Nintendo DS","2","2008-09-11 13:59:55"
"8497","Assassin's Creed: Brotherhood","2010","","Xbox 360","4","2012-07-18 10:33:48"
"22431","Assassin's Creed: Mirage","2023","","Xbox Series X/S","4","2023-11-15 19:34:45"
"17937","Assassin's Creed: Odyssey","2018","","Xbox One","4.5","2020-02-03 22:07:31"
"9767","Assassin's Creed: Revelations","2011","","Xbox 360","3.5","2014-08-26 10:00:20"
"12965","Assassin's Creed: Unity","2014","","Xbox One","4","2016-09-07 18:23:37"
"9310","Assault Heroes","2006","","Xbox 360","2.5","2018-03-24 18:06:00"
"21604","Asteroids: Recharged","2021","","Xbox Series X/S","3.5","2025-10-11 15:26:43"
"20787","Astro Aqua Kitty","2021","","Xbox One","4","2023-05-17 17:56:51"
"3141","ATR: All Terrain Racing","1995","","Commodore Amiga","4.5","2010-02-19 10:51:33"
"23457","Avowed","2025","","Xbox Series X/S","4","2025-10-03 17:32:20"
"18770","Awesome Pea","2018","","Xbox One","2.5","2019-04-06 16:32:54"
"19964","Awesome Pea 2","2020","","Xbox One","3","2020-11-20 14:11:01"
"20812","Back 4 Blood","2021","","Xbox Series X/S","3.5","2022-01-12 19:02:51"
"9339","Back to the Future Episode 1: It's about Time","2010","","Apple iOS","2.5","2011-02-24 14:55:53"
"9539","Back to the Future Episode 2: Get Tannen","2011","","Apple iOS","3","2012-08-11 12:15:25"
"28372","BALL x PIT","2025","","Xbox Series X/S","4","2025-12-17 11:37:06"
"5866","Banshee","1994","","Commodore Amiga","4","2008-09-09 13:50:39"
"5865","Base Jumpers","1995","","Commodore Amiga","2.5","2008-09-09 13:49:06"
"1175","Batman: Arkham Asylum","2009","","Xbox 360","5","2009-12-29 10:52:55"
"19112","Battle Squadron","1989","Battle Squadron: The Destruction of the Barrax Empire","Commodore Amiga","3.5","2019-08-27 11:01:18"
"14858","Battlefield 1","2016","","Xbox One","4","2016-12-28 11:35:50"
"12013","Battlefield 4","2013","","Xbox One","4","2015-02-11 11:55:39"
"7244","Battlefield: Bad Company 2","2010","","Xbox 360","3","2018-11-25 12:30:33"
"1396","Beach Volley","1989","","Atari ST","3.5","2007-10-29 15:35:13"
"26736","Ben-Hur","2016","","Xbox One","1.5","2025-01-31 19:46:41"
"1269","Beneath a Steel Sky","1994","","Commodore Amiga","4","2007-10-29 16:07:36"
"5861","Benefactor","1994","","Commodore Amiga","4","2008-09-09 10:53:03"
"290","Beyond Good & Evil","2003","Beyond Good & Evil HD","PC","4.5","2007-10-29 17:28:09"
"5867","Beyond the Ice Palace","1988","","Atari ST","2.5","2008-09-09 14:07:01"
"1836","Big Brain Academy","2005","","Nintendo DS","3.5","2008-09-17 16:54:41"
"2849","Big Red Adventure, The","1995","","Commodore Amiga","3","2007-10-29 20:22:20"
"5992","Bill's Tomato Game","1992","","Commodore Amiga","3","2008-09-16 22:22:46"
"372","BioShock","2007","BioShock: Remastered","Xbox 360","4","2007-10-29 14:44:15"
"8969","BioShock Infinite","2013","","Xbox 360","4","2019-12-20 15:43:28"
"5956","Black Lamp","1988","","Atari ST","2.5","2008-09-14 21:35:07"
"12343","Black Viper","1996","","Commodore Amiga","3","2017-11-22 00:45:53"
"15187","Black: The Fall","2017","","Xbox One","3.5","2017-12-29 10:20:28"
"1221","Blockout","1989","","Commodore Amiga","3","2008-09-11 12:57:14"
"8839","Blood Stone","2010","007: Blood Stone","Xbox 360","3.5","2020-07-20 15:25:17"
"13096","Blue Estate","2014","Viktor Kalvachev's Blue Estate: The Game","Xbox One","3.5","2018-03-22 10:11:18"
"3369","Body Blows","1993","","Commodore Amiga","3","2008-09-11 17:27:52"
"3402","Body Blows Galactic","1993","","Commodore Amiga","3","2008-09-11 17:27:36"
"5970","Bombuzal","1988","Ka-Blooey","Atari ST","2","2008-09-16 10:45:35"
"5987","Bonk's Adventure","1989","B.C. Kid","Commodore Amiga","3","2008-09-16 19:28:15"
"13107","Boom Beach","2014","","Apple iOS","4","2015-06-27 02:30:50"
"7809","Boom Boom Rocket","2007","","Xbox 360","2.5","2010-01-03 18:47:37"
"18766","Borderlands 3","2019","","Xbox Series X/S","3.5","2022-09-21 22:14:56"
"4304","Bourne Conspiracy, The","2008","Robert Ludlum's: The Bourne Conspiracy","Xbox 360","3","2021-12-05 12:50:32"
"2427","Brain Age 2: More Training in Minutes a Day!","2007","More Brain Training from Dr. Kawashima: How Old Is Your Brain?","Nintendo DS","3.5","2008-09-17 16:54:39"
"2197","Brain Age: Train Your Brain in Minutes a Day!","2005","Dr. Kawashima's Brain Training: How Old Is Your Brain?","Nintendo DS","3.5","2008-09-17 16:54:48"
"18546","Brawl Stars","2018","","Apple iOS","3","2020-04-12 22:27:38"
"24964","Breakout: Recharged","2022","","Xbox Series X/S","3.5","2025-09-16 20:21:07"
"26848","Breathless","1995","","Commodore Amiga","4","2025-02-20 16:54:41"
"12576","Brian the Lion","1994","Brian the Lion Starring in: Rumble in the Jungle","Commodore Amiga","3","2018-04-04 01:11:26"
"23208","Brotato","2023","","Xbox Series X/S","3","2024-03-18 21:58:42"
"251","Brothers in Arms: Road to Hill 30","2005","","PC","3.5","2007-10-30 13:21:21"
"11978","Brothers: A Tale of Two Sons","2013","","Xbox One","3.5","2018-12-31 11:26:10"
"3231","Brutal: Paws of Fury","1994","","Commodore Amiga","3","2008-09-09 12:09:19"
"5864","Bubba 'n' Stix","1994","","Commodore Amiga","3.5","2008-09-09 13:46:44"
"1670","Bubble Bobble","1986","Final Bubble Bobble","Commodore Amiga","2.5","2007-10-29 15:53:57"
"958","Buggy Boy","1986","Speed Buggy","Atari ST","4","2007-10-29 15:35:31"
"5996","Bump 'n' Burn","1994","","Commodore Amiga","4","2008-09-17 20:01:35"
"237","Burnout Revenge","2005","","Xbox 360","2.5","2007-10-29 17:26:04"
"79","Call of Duty","2003","","PC","4.5","2007-10-29 14:41:07"
"149","Call of Duty 2","2005","","PC","4.5","2007-10-29 14:39:52"
"701","Call of Duty 3","2006","","Xbox 360","4","2007-10-29 14:41:14"
"709","Call of Duty 4: Modern Warfare","2007","Call of Duty: Modern Warfare - Reflex Edition","Xbox 360","4.5","2008-07-08 15:08:59"
"12898","Call of Duty: Advanced Warfare","2014","","Xbox One","4","2015-03-10 18:18:30"
"8574","Call of Duty: Black Ops","2010","","Xbox 360","4","2010-11-15 18:26:46"
"20192","Call of Duty: Black Ops - Cold War","2020","","Xbox Series X/S","3.5","2021-03-11 02:09:05"
"25458","Call of Duty: Black Ops 6","2024","","Xbox Series X/S","3.5","2024-11-24 18:24:54"
"27471","Call of Duty: Black Ops 7","2025","","Xbox Series X/S","2.5","2025-11-25 11:12:37"
"10916","Call of Duty: Black Ops II","2012","","Xbox 360","4","2013-01-17 09:18:38"
"12146","Call of Duty: Ghosts","2013","","Xbox 360","3.5","2013-12-22 20:07:09"
"14859","Call of Duty: Infinite Warfare","2016","","Xbox One","3.5","2018-12-31 11:25:38"
"18913","Call of Duty: Modern Warfare","2019","","Xbox One","3.5","2022-02-03 14:22:36"
"6781","Call of Duty: Modern Warfare 2","2009","Call of Duty: Modern Warfare 2 - Campaign Remastered","Xbox 360","5","2009-11-18 11:19:14"
"9827","Call of Duty: Modern Warfare 3","2011","Call of Duty: MW 3","Xbox 360","4.5","2011-11-13 21:04:43"
"22234","Call of Duty: Modern Warfare II","2022","","Xbox Series X/S","3.5","2022-12-28 16:06:41"
"729","Call of Duty: United Offensive","2004","","PC","4","2007-10-29 14:41:24"
"5218","Call of Duty: World at War","2008","","Xbox 360","4","2008-11-26 13:46:07"
"16334","Call of Duty: WWII","2017","","Xbox One","4","2018-04-06 02:10:30"
"16102","Canabalt","2009","","Apple iOS","2.5","2017-01-29 21:04:36"
"1155","Cannon Fodder","1993","","Commodore Amiga","4.5","2010-02-19 10:51:52"
"3608","Cannon Fodder 2","1994","","Commodore Amiga","4","2008-09-08 16:22:31"
"26667","Capital Punishment","1996","","Commodore Amiga","3","2025-01-21 23:09:10"
"9254","Captain America: Super Soldier","2011","","Xbox 360","3.5","2021-03-13 19:15:45"
"16276","Cars 3: Driven to Win","2017","Cars 3: Vol Gas voor de Winst","Xbox One","3.5","2018-07-27 15:10:17"
"12621","Castle of Illusion Starring Mickey Mouse","2013","","Xbox 360","3.5","2013-12-25 18:59:03"
"17067","Celeste","2018","","Xbox One","4","2019-01-03 22:25:29"
"5889","Chaos Engine 2, The","1996","","Commodore Amiga","2","2021-02-20 21:29:46"
"3691","Chaos Engine, The","1993","Soldiers of Fortune","Commodore Amiga","4","2008-09-10 09:54:49"
"13042","Chasm","2014","","PlayStation Vita","3.5","2021-04-18 22:23:43"
"1763","Chicken Run","2000","","Sega Dreamcast","1.5","2007-10-29 17:22:28"
"12372","Child of Light","2014","","Xbox 360","4.5","2014-05-11 10:58:25"
"24660","Chopper X","1989","","Atari ST","3.5","2024-01-15 14:59:09"
"17167","Christmas Lemmings","1993","Holiday Lemmings","Commodore Amiga","3.5","2020-10-20 18:04:17"
"452","Chronicles of Riddick: Escape from Butcher Bay, The","2004","The Chronicles of Riddick: Escape from Butcher Bay - Developer's Cut","PC","4.5","2007-10-29 20:28:11"
"7271","Chuck Rock","1991","","Commodore Amiga","3.5","2009-09-16 12:20:24"
"5015","Chuck Rock II: Son of Chuck","1993","","Commodore Amiga","3","2008-09-10 10:28:28"
"27865","Cliffhanger","1993","Risco Total","Commodore Amiga","1.5","2025-07-29 17:13:54"
"1044","Clive Barker's Jericho","2007","Jericho","Xbox 360","2.5","2010-02-12 17:23:29"
"22698","Cocoon","2023","","Xbox Series X/S","3.5","2023-12-03 17:38:19"
"538","Colin McRae DiRT","2007","","Xbox 360","3.5","2007-10-29 14:44:07"
"638","Colin McRae Rally 2.0","2000","","PC","4","2007-10-29 15:32:54"
"9164","Comic Jumper","2010","","Xbox 360","2.5","2018-09-12 01:35:49"
"742","Commandos 2: Men of Courage","2001","Commandos 2: HD remaster","PC","3","2007-10-29 20:26:18"
"814","Commandos: Beyond the Call of Duty","1999","","PC","3.5","2007-10-29 14:41:34"
"1258","Cool Spot","1993","Spot and the Quest for Cool","Commodore Amiga","3.5","2007-10-29 15:33:00"
"9192","Costume Quest","2010","","Xbox 360","3","2010-11-22 10:32:16"
"13223","Costume Quest 2","2014","","Xbox One","3","2023-04-28 22:16:48"
"5993","Crack'ed","1987","","Atari ST","3.5","2008-09-17 18:59:52"
"1864","Crazy Cars 3","1992","Crazy Cars III","Commodore Amiga","3","2008-09-17 10:27:49"
"1382","Crazy Taxi","1999","Crazy Taxi Classic","Sega Dreamcast","3.5","2007-10-29 20:40:21"
"1814","Crazy Taxi 2","2001","","Sega Dreamcast","3.5","2007-10-29 15:35:49"
"10902","Crimson Dragon","2013","","Xbox One","3","2022-12-13 09:56:06"
"1196","Croc: Legend of the Gobbos","1997","Croc! Pau-Pau Island","PC","3","2007-10-30 13:20:48"
"28628","CrushBorgs","2022","","Xbox Series X/S","2","2025-12-23 03:26:12"
"360","Crysis","2007","Crysis Remastered","Xbox 360","3.5","2017-12-11 00:27:35"
"8285","Crysis 2","2011","Crysis 2 Remastered","Xbox 360","3.5","2011-07-23 19:33:47"
"13563","Cubot","2015","","Xbox One","2.5","2016-01-15 09:42:39"
"13957","Cuphead","2017","Cuphead in Don't Deal with the Devil","Xbox One","4","2017-12-27 13:57:00"
"509","Curse of Monkey Island, The","1997","","PC","4","2007-10-29 14:36:32"
"23183","CyberPunks","1993","","Commodore Amiga","3","2023-05-18 14:41:24"
"23182","CyberPunks 2: Next Generation","2023","","Commodore Amiga","3.5","2023-12-27 13:47:47"
"3426","Dark Seed","1992","Darkseed","Commodore Amiga","3","2008-09-10 09:50:56"
"1350","Darkness, The","2007","","Xbox 360","3.5","2007-10-29 14:38:50"
"4305","Darksiders","2010","Darksiders: Warmastered Edition","Xbox 360","3.5","2010-12-01 12:02:43"
"7811","Dash of Destruction","2008","Doritos Dash of Destruction","Xbox 360","0.5","2010-11-17 00:46:42"
"3025","Dead Space","2008","","Xbox 360","3.5","2023-03-01 09:28:13"
"11286","Deadlight","2012","Deadlight: Director's Cut","Xbox 360","4","2012-08-04 13:04:29"
"19898","Deep Rock Galactic","2020","","Xbox One","3.5","2021-07-15 13:19:19"
"28310","Deep Rock Galactic: Survivor","2025","","Xbox Series X/S","3.5","2025-12-22 11:14:32"
"719","Delta Force: Black Hawk Down","2003","","PC","4","2007-10-29 20:46:08"
"7397","Dennis","1993","Dennis the Menace","Commodore Amiga","3","2019-04-23 23:53:07"
"1318","Desert Strike: Return to the Gulf","1992","Desert Strike","Commodore Amiga","3","2008-09-10 10:14:06"
"14587","Despicable Me: Minion Rush","2013","","Windows Phone","3","2016-02-02 09:47:19"
"992","Dethkarz","1998","","PC","4","2008-11-06 11:56:59"
"8","Deus Ex","2000","Deus Ex: The Conspiracy","PC","3","2007-10-29 20:38:59"
"6234","Diablo III","2012","","Xbox One","3.5","2019-04-15 12:48:55"
"12511","Diablo III: Reaper of Souls","2014","Diablo III: Reaper of Souls - Ultimate Evil Edition","Xbox One","4","2020-05-26 13:52:10"
"935","Dig, The","1995","","PC","4","2007-10-29 16:03:29"
"14821","Dino Dini's Kick Off Revival","2016","","PlayStation Vita","2","2017-02-26 12:34:49"
"9508","DiRT 3","2011","","Xbox 360","3","2018-08-30 23:02:29"
"1267","Disney's Aladdin","1993","","Commodore Amiga","3.5","2007-10-29 20:40:04"
"2409","Disney's Dinosaur","2000","","Sega Dreamcast","2.5","2020-01-03 15:15:58"
"2148","Disney's Tarzan","1999","Tarzan","PC","2.5","2007-10-29 15:29:04"
"9536","Disneyâ€¢Pixar Cars 2","2011","","Xbox 360","3","2018-03-28 18:50:21"
"27397","Dispatch","2025","","PlayStation 5","4","2026-01-02 23:34:08"
"5868","Disposable Hero","1993","","Commodore Amiga","3.5","2008-09-09 13:53:37"
"19647","Division 2: Warlords of New York, The","2020","","Xbox One","4","2020-04-08 00:27:50"
"27134","Donald Duck: Quack Attack","2000","Donald Duck: Goin' Quackers","Sega Dreamcast","3","2025-04-19 17:24:04"
"21164","Doodle World","2021","","Nintendo Entertainment System","3","2021-08-16 09:51:55"
"2","Doom","1993","","PC","3.5","2007-10-29 15:41:05"
"59","Doom 3","2004","Doom 3 VR","PC","4","2007-10-29 15:41:27"
"633","Doom 64","1997","","Xbox One","2.5","2022-01-17 03:09:24"
"30","Doom II","1994","Doom II: Hell on Earth","PC","3.5","2007-10-29 15:41:12"
"22529","Dordogne","2023","","Xbox Series X/S","2.5","2023-12-04 23:00:43"
"345","Double Dragon","1987","Arcade Archives: Double Dragon","Commodore Amiga","2.5","2007-10-29 15:41:34"
"2310","Double Dragon II: The Revenge","1988","Arcade Archives DOUBLE DRAGON II The Revenge","Commodore Amiga","4","2007-10-29 15:41:46"
"2227","Dragon's Lair","1983","","Commodore Amiga","3","2007-10-29 19:09:51"
"16951","DreamBreak","2016","","Xbox One","2.5","2017-12-06 16:57:52"
"8704","DreamWeb","1994","","Commodore Amiga","3","2018-03-21 17:49:39"
"57","Driver","1999","","PC","4","2007-10-29 17:25:41"
"12251","DuckTales Remastered","2013","","Xbox 360","3.5","2013-12-27 18:11:37"
"544","DuckTales: The Quest for Gold","1990","Disney's DuckTales: The Quest for Gold","Commodore Amiga","3","2007-10-29 15:36:38"
"10","Duke Nukem 3D","1996","Duke Nukem","PC","3.5","2007-10-29 15:54:51"
"2257","Dune","1992","","Commodore Amiga","2.5","2008-09-10 10:28:49"
"24635","Dyna ðŸ’£BlasterðŸ’£","1990","Dyna Blaster","Commodore Amiga","4","2024-01-17 23:13:38"
"27884","EA Sports FC 26","2025","","Xbox Series X/S","3","2025-12-28 21:51:36"
"6288","Eat Lead: The Return of Matt Hazard","2009","","Xbox 360","3.5","2010-09-02 11:04:32"
"21773","Echo Generation","2021","","Xbox One","3.5","2022-02-08 12:04:58"
"21225","eFootball 2022","2021","eFootball 2023","Xbox One","2","2022-01-18 12:47:00"
"8084","Elfmania","1994","","Commodore Amiga","3","2010-02-16 10:34:52"
"5960","Eliminator","1988","","Atari ST","3.5","2008-09-15 13:02:08"
"1076","Elite Beat Agents","2006","Dowajwo! Rhythm Hero","Nintendo DS","4","2007-10-29 14:39:41"
"17023","Energy Cycle","2016","","Xbox One","2","2020-12-10 21:21:22"
"8244","Enslaved: Odyssey to the West","2010","","Xbox 360","4.5","2010-10-22 09:26:09"
"651","Enter the Matrix","2003","","PC","3","2007-10-29 20:24:43"
"11434","Epic Mickey: Power of Illusion","2012","","Nintendo 3DS","3.5","2020-02-11 22:47:19"
"782","Escape from Monkey Island","2000","","PC","2.5","2007-10-29 16:04:53"
"5997","F17 Challenge","1993","","Commodore Amiga","3","2008-09-17 20:14:35"
"1444","Fables & Fiends: The Legend of Kyrandia - Book One","1992","The Legend of Kyrandia: Book One","Commodore Amiga","2.5","2007-10-29 16:07:09"
"21788","Falconeer, The","2020","The Falconeer: Warrior Edition","Xbox Series X/S","4","2022-02-11 12:22:00"
"15299","Fall, The","2014","","Xbox One","2.5","2022-01-30 13:40:15"
"340","Far Cry","2004","Far Cry Classic","PC","4","2007-10-29 17:21:33"
"10048","Far Cry 3","2012","Far Cry 3: Classic Edition","Xbox 360","4.5","2013-11-06 10:52:01"
"11933","Far Cry 3: Blood Dragon","2013","Far Cry 3: Blood Dragon - Classic Edition","Xbox 360","4","2025-12-03 13:03:31"
"12908","Far Cry 4","2014","","Xbox One","4","2014-12-28 10:56:57"
"16332","Far Cry 5","2018","","Xbox One","4","2019-06-28 11:43:14"
"20075","Far Cry 6","2021","","Xbox Series X/S","4","2023-02-09 16:00:09"
"5888","Feeding Frenzy","2006","","Xbox 360","2.5","2018-09-12 01:34:41"
"6214","Feeding Frenzy 2: Shipwreck showdown","2008","","Xbox 360","3","2016-02-15 16:15:14"
"560","FIFA 07","2006","FIFA Soccer 07","PC","3","2007-10-29 15:51:26"
"6747","FIFA 10","2009","","Xbox 360","4.5","2009-12-07 16:49:25"
"8722","FIFA 11","2010","","Xbox 360","4","2010-10-14 09:34:37"
"9911","FIFA 12","2011","","Xbox 360","3.5","2011-12-16 11:10:11"
"11152","FIFA 13","2012","","Xbox 360","4","2012-11-04 08:28:54"
"12068","FIFA 14","2013","","Xbox 360","4","2014-04-21 16:55:11"
"13068","FIFA 15","2014","","Xbox One","2.5","2014-11-10 11:17:23"
"13828","FIFA 16","2015","","Xbox One","3.5","2015-12-06 19:49:59"
"15036","FIFA 17","2016","","Xbox One","3.5","2016-10-30 16:12:04"
"16424","FIFA 18","2017","","Xbox One","3.5","2017-12-27 13:45:06"
"17578","FIFA 19","2018","","Xbox One","3.5","2018-12-19 02:01:50"
"19016","FIFA 20","2019","","Xbox One","3.5","2019-10-17 01:35:02"
"679","FIFA 2000","1999","","PC","3","2007-10-29 15:41:53"
"622","FIFA 2001","2000","","PC","3","2007-10-29 15:42:00"
"415","FIFA 2003","2002","FIFA Football 2003","PC","3","2007-10-29 15:54:56"
"20304","FIFA 21","2020","","Xbox One","3","2020-12-28 15:36:28"
"21090","FIFA 22","2021","","Xbox Series X/S","3.5","2021-10-25 21:30:02"
"22364","FIFA 23","2022","","Xbox Series X/S","3","2022-12-28 18:59:16"
"962","FIFA 97","1996","","PC","3","2007-10-29 15:34:36"
"988","FIFA 98","1997","FIFA '98: Road to World Cup","PC","3","2007-10-29 15:42:07"
"252","FIFA 99","1998","","PC","3.5","2007-10-29 15:42:12"
"10689","FIFA Football","2012","FIFA Soccer","PlayStation Vita","4","2012-04-25 13:29:24"
"498","FIFA International Soccer","1993","FIFA '94","Commodore Amiga","1.5","2007-10-29 19:10:34"
"623","FIFA Soccer 2002","2001","FIFA Football 2002","PC","3","2007-10-29 15:43:42"
"898","FIFA Soccer 96","1995","","PC","2.5","2007-10-29 15:36:46"
"8092","Fire & Ice","1992","Fire & Ice: The Daring Adventures Of Cool Coyote","Commodore Amiga","3.5","2010-02-16 12:04:09"
"12795","Firewatch","2016","","Xbox One","3.5","2017-06-24 16:52:17"
"12784","Flappy Bird","2013","","Apple iOS","2.5","2014-02-21 10:55:33"
"93","Flashback","1992","Flashback: The Quest for Identity","Commodore Amiga","4","2007-10-29 15:43:49"
"12280","Flashback","2013","","Xbox 360","2.5","2019-12-20 16:10:27"
"1315","Flight of the Amazon Queen","1995","","Commodore Amiga","4.5","2007-10-29 20:30:44"
"11563","Flink","1994","","Commodore Amiga CD32","4","2022-08-26 12:06:11"
"17332","Forgotton Anne","2018","","Xbox One","3.5","2018-07-27 14:36:45"
"11324","Forza Horizon","2012","","Xbox 360","4","2021-07-26 16:50:43"
"12973","Forza Horizon 2","2014","","Xbox One","4","2016-03-18 13:15:49"
"13657","Forza Horizon 2 Presents Fast & Furious","2015","","Xbox One","3.5","2016-03-18 13:16:14"
"15125","Forza Horizon 3","2016","","Xbox One","5","2019-12-20 15:44:23"
"18063","Forza Horizon 4","2018","","Xbox One","4.5","2018-11-18 14:38:36"
"20943","Forza Horizon 5","2021","","Xbox Series X/S","4.5","2021-11-27 19:05:30"
"19393","FoxyLand","2017","","PlayStation Vita","2.5","2020-06-07 13:35:11"
"1132","Freedom Fighters","2003","Freedom: Soldiers of Liberty","PC","3.5","2007-10-29 17:50:31"
"19299","Frozen Free Fall: Snowball Fight","2015","","Xbox One","2.5","2019-11-10 23:16:45"
"73","Full Throttle","1995","Full Throttle Remastered","Xbox One","3.5","2022-01-16 14:03:55"
"23761","Full Void","2023","","PC","4","2023-08-03 17:03:15"
"20726","Furwind","2018","","Xbox One","3.5","2021-07-29 17:22:41"
"5875","Fury of the Furries","1994","","Commodore Amiga","3.5","2008-09-09 16:32:41"
"3947","FuÃŸball Total!","1995","Football Glory","Commodore Amiga","3","2017-02-15 21:56:51"
"26883","Game About Digging a Hole, A","2025","","Xbox Series X/S","3","2026-01-01 20:34:55"
"13375","Game of Thrones","2014","","Xbox One","3.5","2016-01-11 22:09:27"
"19568","Garfield Kart: Furious Racing","2019","","Xbox One","3","2023-05-16 00:27:00"
"1549","Gauntlet","1985","","Atari ST","2.5","2007-10-29 15:43:58"
"4194","Gauntlet II","1986","","Commodore Amiga","3","2008-09-13 01:00:10"
"18078","Gears 5","2019","","Xbox One","4.5","2019-09-12 15:03:16"
"20462","Gears 5: Hivebusters","2020","","Xbox Series X/S","4.5","2020-12-26 00:21:18"
"4","Gears of War","2006","","Xbox 360","4.5","2007-10-29 14:39:19"
"4977","Gears of War 2","2008","","Xbox 360","5","2008-11-26 13:46:17"
"8339","Gears of War 3","2011","","Xbox 360","4","2011-11-03 22:29:39"
"14712","Gears of War 4","2016","","Xbox One","4","2016-11-12 12:10:03"
"11181","Gears of War: Judgment","2013","","Xbox 360","3","2017-09-26 01:58:21"
"27238","Gears of War: Reloaded","2025","","Xbox Series X/S","4","2025-12-28 14:23:42"
"27237","Gears of War: Ultimate Edition","2015","","Xbox One","4","2025-05-06 14:53:27"
"1211","Ghosts 'n Goblins","1985","Makai-mura","Commodore Amiga","2.5","2007-10-29 20:26:31"
"18857","Ghoulboy","2017","Ghoulboy: Dark Sword of Goblin","Xbox One","3","2024-03-11 23:19:00"
"7749","Giana Sisters DS","2009","","Nintendo DS","3.5","2020-07-13 21:21:13"
"5882","Global Gladiators","1992","","Commodore Amiga","3","2008-09-10 11:12:19"
"5887","Globdule","1993","","Commodore Amiga","2.5","2020-10-18 11:32:52"
"15030","Gloom","1995","","Commodore Amiga","3.5","2016-07-11 18:09:17"
"3500","Goal!","1993","Dino Dini's Goal!","Commodore Amiga","3","2008-09-10 10:29:02"
"1941","Gods","1991","GODS Remastered","Commodore Amiga","3.5","2008-09-08 16:22:11"
"520","Golden Axe","1989","","Commodore Amiga","3.5","2007-10-29 15:37:39"
"67","Grand Theft Auto","1997","GTA","PC","3","2007-10-29 17:45:00"
"278","Grand Theft Auto 2","1999","GTA 2","PC","3","2007-10-29 17:45:14"
"78","Grand Theft Auto IV","2008","GTA IV","Xbox 360","4.5","2010-10-29 13:57:15"
"10666","Grand Theft Auto V","2013","GTA V","Xbox 360","5","2013-10-27 09:04:43"
"26","Grand Theft Auto: Vice City","2002","Grand Theft Auto: Vice City 10th Anniversary Edition","PC","3","2007-10-29 17:44:28"
"1387","Great Giana Sisters, The","1987","","Commodore Amiga","2.5","2007-10-29 15:37:46"
"23","Grim Fandango","1998","Grim Fandango: Remastered","PC","4.5","2007-10-29 16:03:48"
"24333","Grinch: Christmas Adventures, The","2023","De Grinch: Kerstavonturen","Xbox Series X/S","3","2025-12-24 14:38:38"
"16243","Guardians of the Galaxy: The Telltale Series","2017","Marvel's Guardians of the Galaxy: The Telltale Series","Xbox One","3.5","2018-01-22 16:33:41"
"1995","Guitar Hero III: Legends of Rock","2007","","Xbox 360","4","2009-06-04 12:54:46"
"5443","Guitar Hero World Tour","2008","Guitar Hero IV","Xbox 360","4","2009-02-18 15:09:13"
"14740","Guns, Gore & Cannoli","2016","","Xbox One","3","2022-02-24 13:10:22"
"19149","Habroxia","2019","","Xbox One","2.5","2020-12-07 12:53:46"
"20562","Habroxia 2","2021","","Xbox One","3","2021-05-15 14:47:28"
"18","Half-Life","1998","","PC","3.5","2007-10-29 14:36:03"
"19","Half-Life 2","2004","","PC","4.5","2007-10-29 14:35:55"
"802","Halo 3","2007","","Xbox 360","4.5","2007-10-29 14:39:06"
"10970","Halo 4","2012","","Xbox 360","4.5","2013-03-22 14:23:02"
"13388","Halo 5: Guardians","2015","Halo 5","Xbox One","3.5","2015-11-06 12:42:09"
"20113","Halo Infinite","2021","","Xbox Series X/S","4","2021-12-27 11:14:56"
"6800","Halo: Reach","2010","Halo Reach","Xbox 360","4.5","2011-05-30 19:11:21"
"5885","Hare Raising Havoc","1992","Roger Rabbit In Hare Raising Havoc","Commodore Amiga","3.5","2008-09-10 11:31:21"
"11480","Harlequin","1992","","Commodore Amiga","3.5","2025-06-02 00:07:04"
"9302","Harm's Way","2010","","Xbox 360","2","2010-12-10 23:30:33"
"617","Harry Potter and the Chamber of Secrets","2002","Harry Potter en de Geheime Kamer","PC","2.5","2007-10-30 13:21:58"
"502","Harry Potter and the Prisoner of Azkaban","2004","Harry Potter en de Gevangene van Azkaban","PC","2.5","2007-10-30 13:22:07"
"1065","Heart of Darkness","1998","","PC","5","2007-10-29 21:57:04"
"13823","Hellblade: Senua's Sacrifice","2017","","Xbox One","4","2019-01-08 01:03:48"
"16039","Her Majesty's SPIFFING","2016","Her Majesty's SPIFFING: The Empire Staggers Back","Xbox One","3","2017-06-24 12:17:48"
"26859","Herdling","2025","","Xbox Series X/S","3.5","2025-09-25 23:04:36"
"28312","Hidden Cats in Berlin","2024","","Xbox Series X/S","3","2025-10-05 14:49:47"
"8073","Hired Guns","1993","","Commodore Amiga","2.5","2010-02-10 16:44:01"
"21127","Hoa","2021","","Xbox Series X/S","3","2023-06-03 15:22:55"
"20247","Hogwarts Legacy","2023","","Xbox Series X/S","4","2023-03-22 23:00:46"
"7327","Homefront","2011","","Xbox 360","3.5","2014-07-16 02:33:33"
"27868","Hook","1992","","Commodore Amiga","2.5","2025-07-30 17:56:30"
"17268","Horizon Chase Turbo","2015","Horizon Chase","Xbox One","4","2018-12-04 10:38:36"
"20018","Horizon: Forbidden West","2022","","PlayStation 5","4.5","2022-12-28 16:02:17"
"13877","Horizon: Zero Dawn","2017","Horizon: Zero Dawn Remastered","PlayStation 4","5","2018-06-08 22:45:46"
"20795","Hot Wheels Unleashed","2021","","Xbox Series X/S","3.5","2024-03-23 14:32:36"
"23394","Hot Wheels Unleashed 2 - Turbocharged","2023","","Xbox Series X/S","3.5","2024-04-10 23:38:47"
"11468","Hotline Miami","2012","","PlayStation Vita","4","2013-09-21 08:30:01"
"20196","Hotshot Racing","2020","","Xbox One","4","2020-11-07 12:06:56"
"2518","Hudson Hawk","1991","","Commodore Amiga","3","2007-11-01 12:58:57"
"16988","Human: Fall Flat","2016","","Xbox Series X/S","3.5","2024-10-30 17:49:22"
"871","Hydro Thunder","1999","","Sega Dreamcast","2.5","2020-01-01 22:28:11"
"17420","Hyper Sentinel","2018","","Xbox One","3.5","2018-05-14 10:20:06"
"24623","I, AI","2020","","Xbox Series X/S","3","2024-04-07 18:02:36"
"17459","Ice Cream Surfer","2014","","PlayStation Vita","2","2021-04-29 11:24:24"
"1210","Ikari Warriors","1986","","Atari ST","4","2008-09-09 20:06:49"
"19146","Immortals: Fenyx Rising","2020","","Xbox Series X/S","3.5","2023-02-21 12:22:48"
"186","Indiana Jones and the Fate of Atlantis","1992","","Commodore Amiga","5","2007-10-29 16:02:04"
"24677","Indiana Jones and the Great Circle","2024","","Xbox Series X/S","4.5","2024-12-26 18:53:56"
"1385","Indiana Jones and the Infernal Machine","1999","","PC","4","2007-10-29 16:01:54"
"244","Indiana Jones and the Last Crusade","1989","Indiana Jones and the Last Crusade: The Graphic Adventure","Commodore Amiga","2.5","2007-10-29 16:01:46"
"2193","Indiana Jones and the Last Crusade: The Action Game","1992","","Atari ST","2.5","2008-09-16 11:33:28"
"20215","Inertial Drift","2020","","Xbox One","3","2024-09-07 10:26:08"
"9336","Infinity Blade","2010","","Apple iOS","3.5","2010-12-15 17:14:50"
"15010","Inside","2016","","Xbox One","4","2016-07-09 12:57:30"
"1688","International Karate +","1987","Chop N' Drop","Commodore Amiga","4","2007-10-29 15:37:58"
"21326","Inviyya","2021","","Commodore Amiga","4","2021-12-30 15:24:19"
"20442","It Takes Two","2021","","Xbox Series X/S","4.5","2023-03-01 08:17:05"
"5463","Jaguar XJ220","1992","","Commodore Amiga","3","2008-09-10 10:26:32"
"3553","James Pond 3: Operation Starfish","1993","","Commodore Amiga","3.5","2008-09-09 20:07:58"
"822","James Pond II: Codename: RoboCod","1991","James Pond 2","Commodore Amiga","2.5","2007-10-29 15:38:07"
"3337","James Pond: Underwater Agent","1990","James Pond 1","Commodore Amiga","3","2008-09-09 20:07:37"
"1338","Jet Set Radio","2000","Jet Grind Radio","Sega Dreamcast","3.5","2007-10-29 20:55:28"
"11281","Jim Power in Mutant Planet","1992","Jim Power: The Lost Dimension in 3-D","Commodore Amiga","3.5","2020-01-24 18:17:42"
"21402","Juggler's Tale, A","2021","","Xbox Series X/S","3","2024-03-25 15:04:43"
"5202","Jungle Strike","1993","","Commodore Amiga","3","2008-09-10 10:14:31"
"969","Jurassic Park","1993","","Commodore Amiga","3","2007-10-29 19:10:58"
"1184","Kameo: Elements of Power","2005","","Xbox 360","3","2007-10-29 20:55:41"
"5974","Katakis","1988","Denaris","Commodore Amiga","3","2008-09-16 11:24:30"
"20794","Kaze and the Wild Masks","2021","","Xbox One","4","2022-01-04 09:05:14"
"27473","Keeper","2025","","Xbox Series X/S","3.5","2025-10-25 03:36:05"
"13533","Kick & Fennick","2015","","Xbox One","3.5","2016-08-08 10:34:54"
"931","Kick Off","1989","","Atari ST","3.5","2007-10-29 14:47:54"
"977","Kick Off 2","1990","","Commodore Amiga","5","2007-10-29 14:48:04"
"3484","Kick Off 2: Return to Europe","1991","","Commodore Amiga","3.5","2008-09-17 10:46:47"
"3486","Kick Off 2: The Final Whistle","1991","","Commodore Amiga","3.5","2008-09-09 20:11:17"
"3483","Kick Off 2002","2002","Kick Off 02","PC","2.5","2008-09-17 11:04:51"
"3446","Kick Off 3","1994","European Challenge","Commodore Amiga","2.5","2008-09-17 10:43:33"
"3518","Kick Off: Extra Time","1989","","Commodore Amiga","3.5","2008-09-17 10:46:27"
"11537","KickBeat","2012","","PlayStation Vita","2.5","2015-10-26 16:59:53"
"5883","Kid Chaos","1994","Kid Vicious","Commodore Amiga","3.5","2008-09-10 11:14:59"
"11748","Killzone: Mercenary","2013","","PlayStation Vita","4","2013-09-23 09:07:27"
"8751","Kinect Sports","2010","","Xbox 360","3.5","2011-01-14 13:54:50"
"266","King Kong","2005","Peter Jackson's King Kong: The Official Game of the Movie","Xbox 360","3","2009-12-09 17:19:28"
"2103","Kirby: Power Paintbrush","2005","Kirby: Canvas Curse","Nintendo DS","4","2008-09-17 16:54:12"
"1265","Krusty's Fun House","1992","Krusty's Super Fun House","Commodore Amiga","1","2007-10-29 15:38:33"
"4518","Kung Fu Panda","2008","","Xbox 360","3","2009-12-17 10:40:11"
"12206","Kung Fu Rabbit","2012","","PlayStation Vita","3.5","2013-07-28 20:43:40"
"15019","Kung-Fu High Impact","2011","Kung-Fu for Kinect","Xbox One","3.5","2016-07-07 23:22:46"
"5695","Lady Sia","2001","","Game Boy Advance","3.5","2020-04-24 01:57:55"
"10589","Last of Us, The","2013","The Last of Us Remastered","PlayStation 4","4.5","2020-12-28 15:32:39"
"12712","Last of Us: Left Behind, The","2014","","PlayStation 4","3.5","2020-05-15 13:56:57"
"19182","Last of Us: Part II, The","2020","The Last of Us: Part II Remastered","PlayStation 4","4","2020-07-01 02:23:40"
"1963","Left 4 Dead","2008","","Xbox 360","3.5","2012-02-07 16:40:05"
"631","Legacy of Kain: Soul Reaver","1999","","PC","3.5","2007-10-30 13:20:54"
"28626","Legend of Cyber Cowboy, The","2025","","Xbox Series X/S","2.5","2025-12-28 14:19:39"
"1220","Legend of Zelda: Phantom Hourglass, The","2007","","Nintendo DS","4","2007-10-29 17:26:25"
"4566","LEGO Batman","2008","LEGO Batman: The Videogame","Xbox 360","3","2017-05-08 19:07:36"
"26039","LEGO Horizon Adventures","2024","","PlayStation 5","3.5","2024-11-26 21:05:20"
"4476","LEGO Indiana Jones","2008","LEGO Indiana Jones: The Original Adventures","Xbox 360","3","2017-05-08 19:07:58"
"13612","LEGO Jurassic World","2015","","Xbox One","4","2017-05-08 00:30:49"
"12157","LEGO Marvel Super Heroes","2013","","Xbox One","3.5","2016-08-16 11:33:13"
"16460","LEGO Marvel Super Heroes 2","2017","","Xbox One","3.5","2019-03-26 18:57:58"
"13909","LEGO Marvel's Avengers","2016","","Xbox One","4","2017-11-09 09:50:45"
"18480","LEGO Movie Videogame 2, The","2019","","Xbox One","3.5","2023-12-18 12:19:24"
"12290","LEGO Movie Videogame, The","2014","","Xbox One","3.5","2017-07-02 23:36:24"
"9498","LEGO Pirates of the Caribbean: The Video Game","2011","","Xbox 360","3","2017-05-08 19:08:56"
"7277","LEGO Rock Band","2009","","Xbox 360","3.5","2010-01-19 11:45:55"
"2977","LEGO Star Wars: The Complete Saga","2007","","Xbox 360","3","2017-05-08 19:08:27"
"14598","LEGO Star Wars: The Force Awakens","2016","","Xbox One","4","2018-01-15 10:43:38"
"21751","LEGO Star Wars: The Skywalker Saga","2022","","Xbox Series X/S","4","2022-05-17 08:43:21"
"844","LEGO Star Wars: The Video Game","2005","LEGO Star Wars: Het Computerspel","PC","3","2007-10-29 17:26:46"
"12605","LEGO The Hobbit","2014","","Xbox One","3","2017-12-26 09:19:06"
"16678","LEGO The Ninjago Movie: Videogame","2017","","Xbox One","3.5","2017-12-27 13:38:49"
"272","Lemmings","1991","Ha-Namlulim","Commodore Amiga","4","2007-10-29 15:55:05"
"2279","Lemmings 2: The Tribes","1993","","Commodore Amiga","3","2007-10-29 21:49:10"
"5379","Lemmings Chronicles, The","1994","All New World of Lemmings","Commodore Amiga","3.5","2008-09-09 15:36:51"
"12593","Lemmings Touch","2014","","PlayStation Vita","2","2017-01-20 21:28:51"
"14533","Leo's Fortune","2014","Leoâ€™s Fortune - HD Edition","Xbox One","3.5","2016-08-12 00:12:58"
"3315","Lethal Weapon","1992","","Commodore Amiga","2.5","2008-09-09 20:11:40"
"14723","Level 22","2014","Level 22: Gary's Misadventures","Xbox One","3","2018-01-29 10:34:42"
"13427","Life is Strange","2015","Life is Strange: Remastered","Xbox One","3.5","2016-08-25 09:17:16"
"8791","Limbo","2010","","Xbox 360","4","2010-08-28 19:43:36"
"551","Lion King, The","1994","","Commodore Amiga","3.5","2007-10-29 15:32:11"
"12557","Lionheart","1992","","Commodore Amiga","3","2018-04-06 11:31:32"
"4003","Litil Divil","1993","","Commodore Amiga CD32","3","2016-05-24 11:47:18"
"672","Little Big Adventure 2","1996","LBAÂ²","PC","3.5","2007-10-29 20:39:46"
"23088","Little Kitty, Big City","2024","","Xbox Series X/S","2.5","2025-05-25 10:16:45"
"15302","Little Nightmares","2017","Little Nightmares Enhanced Edition","Xbox One","4","2017-05-02 00:35:23"
"18420","Little Nightmares: Secrets of the Maw","2017","","Xbox One","3.5","2020-11-14 07:59:06"
"21803","Little Orpheus","2022","","Xbox Series X/S","3","2025-06-10 12:14:01"
"19464","Lonely Mountains: Downhill","2019","","Xbox One","4","2020-12-02 23:00:26"
"26715","Lonely Mountains: Snow Riders","2025","","Xbox Series X/S","4","2025-10-09 00:30:22"
"17242","Long Reach, The","2018","","Xbox One","2","2020-05-17 17:41:19"
"1054","LOOM","1990","","Commodore Amiga","3","2007-10-29 16:00:31"
"1314","Lost","2007","Lost: Via Domus","Xbox 360","3","2009-10-05 12:03:57"
"1041","Lost Planet: Extreme Condition","2006","Lost Planet","Xbox 360","3.5","2007-10-29 20:55:22"
"113","Lost Vikings, The","1992","The Lost Vikings: Viking no Daimeiwaku","Commodore Amiga","3.5","2007-10-29 15:55:16"
"796","Lotus Esprit Turbo Challenge","1990","","Commodore Amiga","2.5","2007-10-29 15:38:41"
"939","Lotus III: The Ultimate Challenge","1992","Lotus II","Commodore Amiga","3.5","2018-09-02 02:40:34"
"797","Lotus Turbo Challenge 2","1991","","Commodore Amiga","4","2007-10-29 15:38:54"
"18037","Lucky Luke","1998","Lucky Luke: On the Dalton's Trail","PlayStation","3","2020-07-19 17:44:23"
"22903","Lunark","2023","","Xbox Series X/S","4","2023-12-29 14:12:20"
"2827","Lure of the Temptress","1992","","Commodore Amiga","2.5","2007-10-29 16:07:24"
"20338","Macrotis","2019","Macrotis: A Motherâ€™s Journey","Xbox One","3","2024-07-16 16:08:28"
"101","Mafia","2002","Mafia: The City of Lost Heaven","PC","5","2007-10-29 17:43:55"
"5320","Mafia II","2010","Mafia II: Definitive Edition","Xbox 360","4","2010-09-19 21:15:16"
"20308","Mafia: Definitive Edition","2020","","Xbox One","5","2020-10-06 13:00:49"
"26084","Mafia: The Old Country","2025","","Xbox Series X/S","4","2025-08-23 03:21:36"
"5894","Magic Pockets","1991","","Commodore Amiga","3.5","2008-09-11 13:22:57"
"1","Maniac Mansion: Day of the Tentacle","1993","Maniac Mansion II: Day of the Tentacle","Xbox One","3.5","2020-12-28 15:45:08"
"840","Mario & Luigi: Partners in Time","2005","","Nintendo DS","4","2007-10-29 17:49:21"
"9645","Mario Kart 7","2011","","Nintendo 3DS","4","2020-02-03 22:06:40"
"12110","Mario Kart 8","2014","Mario Kart 8 Deluxe","Nintendo Switch","4","2020-03-24 11:35:30"
"575","Mario Kart DS","2005","","Nintendo DS","5","2007-10-29 14:39:13"
"19321","Mario Kart Tour","2019","","Apple iOS","1.5","2019-11-20 11:56:02"
"27067","Mario Kart World","2025","","Nintendo Switch 2","3.5","2025-08-31 22:53:44"
"1100","Mario Kart: Super Circuit","2001","Mario Kart Advance","Game Boy Advance","4.5","2007-10-29 20:25:14"
"1662","Mario vs. Donkey Kong 2: March of the Minis","2006","","Nintendo DS","2.5","2007-10-29 20:24:49"
"21478","Marsupilami: Hoobadventure","2021","","Xbox One","3.5","2024-01-07 01:31:33"
"21092","Marvel's Guardians of the Galaxy","2021","","Xbox Series X/S","4.5","2021-11-09 02:30:38"
"5891","Marvin's Marvellous Adventure","1995","","Commodore Amiga","4.5","2020-10-18 11:15:14"
"371","Mass Effect","2007","","Xbox 360","5","2011-01-14 01:21:26"
"6930","Mass Effect 2","2010","","Xbox 360","5","2011-12-12 01:20:19"
"10820","Mass Effect 2: Lair of the Shadow Broker","2010","","Xbox 360","4","2013-12-28 01:10:53"
"9826","Mass Effect 3","2012","","Xbox 360","4.5","2012-05-29 21:05:18"
"15112","Mass Effect: Andromeda","2017","","Xbox One","4","2018-06-05 11:15:24"
"22292","Matchpoint - Tennis Championships","2022","","Xbox Series X/S","3","2022-07-12 21:27:12"
"52","Max Payne","2001","Max Payne Mobile","PC","4","2007-10-29 17:43:42"
"6749","Max Payne 3","2012","","Xbox 360","3.5","2013-08-18 01:09:34"
"12981","Max: The Curse of Brotherhood","2013","","Xbox One","4","2014-09-14 23:17:45"
"26317","McPixel 3","2022","","Xbox Series X/S","3","2024-10-10 23:07:25"
"7842","Medal of Honor","2010","","Xbox 360","3.5","2012-06-04 17:54:56"
"870","Medal of Honor: Airborne","2007","","Xbox 360","3.5","2007-10-29 14:44:23"
"51","Medal of Honor: Allied Assault","2002","","PC","3","2007-10-29 15:55:34"
"1154","Medal of Honor: Breakthrough","2002","","PC","3.5","2007-10-29 20:45:50"
"1336","Medal of Honor: Spearhead","2002","","PC","3.5","2007-10-29 20:39:34"
"10778","Medal of Honor: Warfighter","2012","","Xbox 360","3.5","2014-08-01 02:04:14"
"20050","Medium, The","2020","","Xbox Series X/S","3.5","2022-03-12 03:09:09"
"1867","Mega Turrican","1993","Turrican 3","Commodore Amiga","4.5","2020-08-26 18:52:25"
"10863","Men in Black: Alien Crisis","2012","","Xbox 360","3","2024-02-25 16:23:49"
"18763","METAGAL","2016","","Xbox One","2.5","2021-11-16 09:24:27"
"20738","Metal: Hellsinger","2022","Metal: Hellsinger VR","Xbox Series X/S","3.5","2023-05-09 01:20:25"
"847","Metroid Prime Hunters","2006","","Nintendo DS","3","2008-09-17 16:54:23"
"3915","Metroid Prime Pinball","2005","","Nintendo DS","3","2019-12-28 11:36:18"
"19486","Metropolis Street Racer","2000","MSR","Sega Dreamcast","4","2020-01-12 11:51:23"
"27959","Michael Jackson Moonwalker","1989","Moonwalker","Atari ST","1","2025-08-14 17:49:14"
"1165","Mickey Mania","1994","Mickey Mania: The Timeless Adventures of Mickey Mouse","PlayStation","3.5","2020-05-25 18:47:28"
"2069","Micro Machines","1991","","Commodore Amiga","3.5","2007-10-29 15:55:41"
"9988","Microcosm","1993","","Commodore Amiga CD32","3","2019-05-22 09:25:46"
"1266","Microprose Soccer","1988","Microprose Pro Soccer","Commodore Amiga","2","2007-10-29 15:16:30"
"20112","Microsoft Flight Simulator","2020","","Xbox Series X/S","3","2021-12-29 22:32:23"
"16810","Midnight Resistance","1989","","Commodore Amiga","2.5","2023-08-19 11:15:56"
"768","Midtown Madness","1999","Midtown Madness: Chicago Edition","PC","2.5","2007-10-29 20:25:45"
"21123","Mighty Goose","2021","","Xbox One","2.5","2022-02-24 13:10:45"
"9103","Minecraft","2010","Minecraft: Xbox 360 Edition","Xbox One","4","2025-10-14 22:14:12"
"19917","Minecraft Dungeons","2020","","Xbox One","4","2020-06-14 13:29:18"
"22627","Minecraft Legends","2023","","Xbox Series X/S","3.5","2025-11-07 03:16:15"
"4491","Mirror's Edge","2008","","Xbox 360","4.5","2009-07-13 10:19:03"
"21","Monkey Island 2: LeChuck's Revenge","1991","","Commodore Amiga","5","2007-10-29 14:35:42"
"8173","Monkey Island 2: LeChuck's Revenge - Special Edition","2010","","Xbox 360","4","2010-08-28 19:43:19"
"20827","Moon Raider","2020","","Xbox One","3","2023-04-06 22:53:44"
"21527","Morkredd","2020","MÃ¸rkredd","Xbox One","3","2021-11-30 01:43:36"
"126","Mortal Kombat","1992","Mortal Kombat Complete","Commodore Amiga","3","2007-10-29 15:45:08"
"8861","Mortal Kombat","2011","Mortal Kombat 9","PlayStation Vita","3.5","2022-09-17 20:13:06"
"18419","Mortal Kombat 11","2019","","Xbox One","3.5","2022-09-17 15:00:26"
"127","Mortal Kombat II","1993","","Commodore Amiga","3.5","2007-10-29 15:55:52"
"24652","Mr Dig","1990","","Atari ST","3","2024-01-15 10:25:11"
"2487","Mr. Nutz","1994","Mr. Nutz: Hoppin' Mad","Commodore Amiga","3.5","2007-10-29 19:10:20"
"16898","Mummy Demastered, The","2017","","Xbox One","4","2024-08-11 09:58:22"
"13117","Muppets Movie Adventures, The","2014","Muppets: Filmavonturen, The","PlayStation Vita","3","2019-12-20 16:07:27"
"18074","Musynx","2015","Musync","PlayStation Vita","4","2018-11-21 21:23:34"
"4501","N+","2008","The Way of the Ninja","Xbox 360","3.5","2009-12-07 16:43:46"
"20798","Narita Boy","2021","","Xbox One","4.5","2022-01-27 18:12:56"
"5884","Naughty Ones","1994","","Commodore Amiga","4","2008-09-10 11:19:15"
"639","Nebulus","1987","Tower Toppler","Atari ST","3.5","2008-09-13 21:28:07"
"13891","Need for Speed","2015","","Xbox One","3.5","2023-01-02 00:10:45"
"180","Need for Speed II","1997","Need for Speed 2","PC","3.5","2007-10-29 15:45:14"
"567","Need for Speed lll: Hot Pursuit","1998","Over Drivin' III: Hot Pursuit","PC","3.5","2007-10-29 15:39:31"
"22470","Need for Speed Unbound","2022","","Xbox Series X/S","3.5","2024-09-03 14:17:26"
"1040","Need for Speed: Hot Pursuit 2","2002","","PC","3","2007-10-29 20:39:13"
"11027","Need for Speed: Most Wanted","2012","","PlayStation Vita","3.5","2013-03-19 13:26:29"
"9751","Need for Speed: The Run","2011","","Xbox 360","3.5","2025-06-25 21:54:20"
"566","Need for Speed: Underground","2003","","PC","3.5","2007-10-29 15:39:45"
"13370","Never Alone","2014","Kisima Ingitchuna","Xbox One","3","2014-12-08 14:30:41"
"19938","New Super Lucky's Tale","2019","","Xbox One","3.5","2021-01-03 17:48:34"
"1011","New Super Mario Bros.","2006","","Nintendo DS","4.5","2007-10-29 17:46:57"
"11037","New Super Mario Bros. 2","2012","","Nintendo 3DS","4","2020-02-02 13:23:41"
"690","New Zealand Story, The","1988","Kiwi Kraze","Atari ST","4","2009-10-02 10:12:26"
"6705","Night at the Museum: Battle of the Smithsonian","2009","","Xbox 360","2.5","2010-02-12 17:23:49"
"23977","Nuclear Blaze","2021","","Xbox One","3","2025-09-25 23:04:43"
"222","Oddworld: Abe's Exoddus","1998","Abe '99","PC","3.5","2007-10-29 15:53:01"
"162","Oddworld: Abe's Oddysee","1997","Abe a Go Go","PC","4.5","2007-10-29 15:52:47"
"5917","Odyssey","1995","","Commodore Amiga","3.5","2008-09-12 23:44:37"
"5378","Oh No! More Lemmings","1991","","Commodore Amiga","3","2008-09-09 15:36:30"
"21104","Omno","2021","","Xbox One","3.5","2022-01-26 20:49:32"
"24762","Open Roads","2024","","Xbox Series X/S","3","2024-08-16 14:38:22"
"13608","Ori and the Blind Forest","2015","","Xbox One","5","2015-03-18 22:30:26"
"18928","Ori and the Will of the Wisps","2020","","Xbox One","4","2020-03-27 10:15:30"
"3531","Oscar","1994","","Commodore Amiga","2.5","2019-04-23 23:52:12"
"5396","Out to Lunch","1993","Pierre le Chef is... Out to Lunch","Commodore Amiga","4","2008-09-10 00:36:50"
"18401","Outer Worlds, The","2019","The Outer Worlds: Spacer's Choice Edition","Xbox One","4","2019-12-28 16:03:52"
"19699","Outriders","2021","","Xbox Series X/S","4","2021-12-27 11:39:16"
"462","OutRun","1986","3D Out Run","Commodore Amiga","3","2007-10-29 15:45:22"
"12411","Overdrive","1993","","Commodore Amiga","3","2018-03-17 21:41:35"
"1610","Overlord","2007","","Xbox 360","3","2007-10-29 17:25:09"
"13783","Pac-Man 256","2015","","Xbox One","3","2016-06-27 10:43:32"
"5969","Pac-Mania","1988","","Atari ST","3.5","2008-09-16 10:44:41"
"10493","Pang","1989","Buster Bros.","Commodore Amiga","3.5","2018-07-28 16:52:26"
"363","Paperboy","1984","","Commodore Amiga","2","2008-09-10 09:50:47"
"1388","Parasol Stars: The Story of Bubble Bobble III","1991","Parasol Stars: Rainbow Islands 2","Commodore Amiga","2.5","2007-10-29 15:53:06"
"14234","Park, The","2015","","Xbox One","2.5","2017-06-26 09:28:40"
"19330","Pedestrian, The","2020","","Xbox One","3.5","2022-01-11 09:52:14"
"28633","Phantom Leap","2025","","Commodore Amiga","3.5","2025-12-27 15:46:21"
"139","Phoenix Wright: Ace Attorney","2001","Gyakuten Saiban","Nintendo DS","4","2007-10-29 14:38:41"
"1073","Phoenix Wright: Ace Attorney - Justice For All","2006","Gyakuten Saiban 2","Nintendo DS","4","2007-10-29 20:25:33"
"5908","Pinball Brain Damage","1997","","Commodore Amiga","3","2008-09-12 16:46:37"
"3095","Pinball Dreams","1992","Pinball Pinball","Commodore Amiga","3.5","2007-11-04 17:35:15"
"1129","Pinball Fantasies","1992","Pinball Fantasies Deluxe","Commodore Amiga","4","2007-10-29 15:56:26"
"1113","Pinball Illusions","1995","","Commodore Amiga","4","2007-10-29 15:45:39"
"19897","Pinball Magic","1989","","Commodore Amiga","2.5","2020-05-13 15:10:52"
"5899","Pinball Mania","1995","","Commodore Amiga","2","2008-09-11 17:12:35"
"5898","Pinball Prelude","1996","","Commodore Amiga","3.5","2008-09-11 17:11:50"
"21768","Pinkie","1994","","Commodore Amiga","2.5","2022-02-06 17:48:28"
"1461","Pirates of the Caribbean: At World's End","2007","","Xbox 360","3","2007-10-30 13:24:47"
"1734","Pirates of the Caribbean: Dead Man's Chest","2006","","Nintendo DS","3.5","2007-10-30 13:24:54"
"18735","Plague Tale: Innocence, A","2019","A Plague Tale: Innocence - Cloud Version","Xbox One","4.5","2020-09-13 01:53:42"
"20945","Plague Tale: Requiem, A","2022","A Plague Tale: Requiem - Cloud Version","Xbox Series X/S","5","2022-12-28 15:53:01"
"20941","Planet of Lana","2023","Planet of Lana: An Off-Earth Odyssey","Xbox Series X/S","4.5","2023-06-01 11:28:13"
"28311","Polterguys: Possession Party","2025","","Xbox Series X/S","3","2025-10-05 14:52:41"
"8764","Portal 2","2011","","Xbox 360","5","2011-07-26 00:36:28"
"19684","Power Drive","1994","","Commodore Amiga","3","2024-07-17 20:43:57"
"22324","PowerWash Simulator","2022","","Xbox Series X/S","4","2023-12-12 10:40:57"
"17304","Premiere","1992","","Commodore Amiga","3","2018-04-04 01:09:53"
"7316","Primal Rage","1994","","Commodore Amiga","2","2010-05-26 13:20:42"
"103","Prince of Persia","1989","Jordan Mechner's Prince of Persia","Atari ST","4","2007-10-29 15:57:10"
"5778","Prince of Persia","2008","","Xbox 360","4.5","2009-01-04 15:07:30"
"906","Prince of Persia 3D","1999","Prince of Persia: Arabian Nights","Sega Dreamcast","2.5","2007-10-29 20:24:24"
"7953","Prince of Persia: The Forgotten Sands","2010","","Xbox 360","3.5","2010-10-20 14:56:32"
"23317","Prince of Persia: The Lost Crown","2024","","Xbox Series X/S","4.5","2024-01-30 09:12:29"
"495","Prince of Persia: The Sands of Time","2003","","PC","4.5","2007-10-29 15:45:55"
"450","Prince of Persia: The Two Thrones","2005","Prince of Persia: Rival Swords","PC","4","2007-10-29 14:39:26"
"546","Prince of Persia: Warrior Within","2004","Prince of Persia: Revelations","PC","3.5","2007-10-29 15:57:18"
"2149","Pro Evolution Soccer 2008","2007","PES 2008: Pro Evolution Soccer","Xbox 360","4","2007-10-29 14:33:00"
"5249","Pro Evolution Soccer 2009","2008","PES 2009: Pro Evolution Soccer","Xbox 360","4","2008-11-26 13:51:45"
"194","Pro Evolution Soccer 6","2006","PES 6: Pro Evolution Soccer","Xbox 360","4","2007-10-29 14:39:00"
"5915","Pro Tennis Tour","1989","Jimmy Connors Pro Tennis Tour","Commodore Amiga","3","2008-09-12 22:13:07"
"5912","Pro Tennis Tour 2","1991","Great Courts 2","Commodore Amiga","4","2008-09-12 16:48:51"
"20340","Procession to Calvary, The","2020","","PC","3","2022-01-24 23:01:40"
"1214","Project Gotham Racing 3","2005","","Xbox 360","3.5","2007-10-29 15:32:25"
"28624","Project X: Light Years","2025","","PC","3.5","2025-12-22 18:24:44"
"7248","Project-X","1992","","Commodore Amiga","4","2009-09-09 16:48:53"
"18446","Psychonauts 2","2021","","Xbox Series X/S","4.5","2021-09-29 09:00:24"
"11564","Puggsy","1993","","Commodore Amiga","2.5","2017-05-08 00:33:33"
"24735","Punchy","1983","","Commodore 16/Plus/4","3","2024-02-13 13:09:41"
"12508","Putty Squad","1994","","Commodore Amiga","4","2020-08-31 14:13:31"
"5928","Quadralien","1988","","Atari ST","2","2008-09-13 20:00:37"
"69","Quake","1996","Quake 64","PC","3.5","2007-10-29 15:46:22"
"135","Quake II","1997","Quake 2","PC","3.5","2007-10-29 15:58:10"
"134","Quake III: Arena","1999","Quake III: Revolution","PC","3","2007-10-29 15:46:38"
"12750","Quantum Break","2016","","Xbox One","4","2017-11-18 13:42:52"
"11031","Quik the Thunder Rabbit","1994","","Commodore Amiga CD32","3.5","2021-08-30 16:47:20"
"3223","Qwak","1989","","Commodore Amiga","4","2008-09-11 17:28:37"
"1593","R-type","1987","R-Type Complete CD","Commodore Amiga","3.5","2007-10-29 15:53:14"
"12526","Race the Sun","2013","","PlayStation Vita","3","2018-11-21 12:56:44"
"12055","Rainbow Islands","1987","Rainbow Islands: The Story of Bubble Bobble 2","Commodore Amiga","3","2025-01-15 19:39:35"
"18826","Raji","2020","Raji: An Ancient Epic","Xbox One","3.5","2022-02-14 22:56:51"
"770","Rampage","1986","","Commodore Amiga","2.5","2007-10-29 15:35:06"
"9454","Rango","2011","Rango: The Video Game","Xbox 360","3.5","2025-12-30 00:15:59"
"23133","Ravenlok","2023","","Xbox Series X/S","3.5","2023-05-21 10:32:23"
"366","Rayman","1995","Rayman Gold","PlayStation","3.5","2020-06-27 13:21:56"
"332","Rayman 2: The Great Escape","1999","Rayman: Revolution","PC","4","2007-10-29 14:46:00"
"391","Rayman 3: Hoodlum Havoc","2003","Rayman 3 HD","PC","3","2007-10-29 14:45:52"
"11454","Rayman Jungle Run","2012","","Apple iOS","4.5","2012-11-04 08:25:14"
"11316","Rayman Legends","2013","Rayman Legends: Definitive Edition","Xbox 360","5","2019-12-20 15:41:30"
"9358","Rayman Origins","2011","","Xbox 360","4.5","2019-12-20 15:41:19"
"428","Rayman Raving Rabbids","2006","Rabbids Party","Xbox 360","2.5","2007-10-29 14:45:34"
"306","Re-Volt","1999","Re-Volt Classic","Sega Dreamcast","4","2007-10-29 15:46:47"
"16246","Redout","2016","Redout: Lightspeed Edition","Xbox One","4","2020-10-06 11:11:13"
"16100","Refunct","2015","","Xbox One","3","2017-06-11 09:05:01"
"11304","Remember Me","2013","","Xbox 360","4","2014-08-18 00:31:48"
"5932","Return to Genesis","1988","","Atari ST","2","2008-09-13 20:00:25"
"22387","Return to Monkey Island","2022","","Nintendo Switch","4.5","2022-09-25 14:05:03"
"587","Rez","2001","Rez HD","Sega Dreamcast","4","2008-09-17 16:55:31"
"1366","Rick Dangerous","1989","","Commodore Amiga","3","2007-10-29 15:46:57"
"2577","Ridge Racer DS","2004","","Nintendo DS","3","2019-12-27 19:45:51"
"10444","Rise of the Robots","1994","","Commodore Amiga","2","2014-05-27 23:28:30"
"13474","Rise of the Tomb Raider","2015","","Xbox One","4.5","2016-01-12 23:32:41"
"21978","Riverbond","2019","","Xbox One","3.5","2022-12-29 01:00:49"
"21311","Road 96","2021","","Xbox Series X/S","3.5","2025-02-23 22:22:35"
"5911","Roadkill","1994","","Commodore Amiga","4.5","2008-09-12 16:47:59"
"5968","Roadwars","1987","","Atari ST","1","2008-09-15 22:23:47"
"21730","RoboCop: Rogue City","2023","","Xbox Series X/S","4.5","2024-01-05 15:26:24"
"26911","RoboCop: Rogue City - Unfinished Business","2025","","Xbox Series X/S","4","2025-07-30 12:02:06"
"644","Rock 'n Roll","1989","","Commodore Amiga","3","2008-09-16 11:26:08"
"316","Rock Band","2007","","Xbox 360","4.5","2009-06-04 12:53:41"
"5290","Rock Band 2","2008","","Xbox 360","4.5","2009-06-04 12:54:15"
"10872","Rock Band Blitz","2012","","Xbox 360","3","2018-12-20 23:58:37"
"13918","Rocket League","2015","","Xbox One","3.5","2017-06-28 00:27:09"
"1613","Rockstar Games presents Table Tennis","2006","Rockstar Table Tennis","Xbox 360","3.5","2007-10-29 15:40:28"
"26648","Roguecraft","2024","Roguecraft DX","Commodore Amiga","4","2025-05-30 13:30:08"
"817","Rollcage","1999","","PC","3.5","2020-10-06 11:12:55"
"5886","Ruff 'n' Tumble","1994","","Commodore Amiga","4.5","2008-09-10 11:36:17"
"22227","Rush Rally Origins","2021","","Xbox One","3.5","2025-01-09 12:54:36"
"12509","Ryse: Son of Rome","2013","","Xbox One","4","2014-09-09 12:40:20"
"15227","Seasons after Fall","2016","","Xbox One","2.5","2022-01-22 12:01:11"
"663","Secret of Monkey Island, The","1990","The Secret of Monkey Island: Enhanced Version","Commodore Amiga","5","2007-10-29 14:36:14"
"6847","Secret of Monkey Island: Special Edition, The","2009","The Secret of Monkey Island: Special Edition for iPad","Xbox 360","4.5","2009-08-24 13:05:36"
"12126","Seek and Destroy","1994","Seek & Destroy","Commodore Amiga","3.5","2025-04-18 11:38:42"
"3988","Sega Superstars Tennis","2008","","Nintendo DS","3","2008-09-11 13:57:44"
"250","Sensible Soccer","1992","Sensible Soccer: European Champions","Commodore Amiga","3.5","2007-10-29 15:02:28"
"1477","Sensible Soccer 2006","2006","","PC","2","2007-10-29 14:47:31"
"3093","Sensible WðŸŒŽrld of Soccer","1994","Sensible World of Soccer","Commodore Amiga","5","2007-11-04 17:33:58"
"19645","Senua's Saga: Hellblade II","2024","Senuaâ€™s Saga: Hellblade II Enhanced","Xbox Series X/S","4.5","2024-06-01 09:51:24"
"7099","Shadow Complex","2009","","Xbox 360","5","2009-08-26 14:43:13"
"22373","Shadow Fighter","1994","","Commodore Amiga CD32","3.5","2022-08-26 19:26:07"
"3197","Shadow of the Beast","1989","Shadow of the Beast: MashÅ no Okite","Commodore Amiga","3","2008-09-11 12:56:08"
"17377","Shadow of the Tomb Raider","2018","","Xbox One","4","2019-04-07 09:29:01"
"19891","Shantae and the Seven Sirens","2019","","Xbox One","3.5","2021-07-26 16:50:21"
"12364","Shantae: Half-Genie Hero","2016","Shantae: Half-Genie Hero Ultimate Edition","PlayStation Vita","4","2018-05-10 12:41:21"
"1116","Shaq Fu","1994","","Commodore Amiga","1.5","2007-10-29 15:29:12"
"18340","Shred It!","2014","","Xbox One","2.5","2018-11-19 19:46:02"
"21919","Shredders","2022","Shredders Full Ride Edition","Xbox Series X/S","3.5","2023-05-25 12:40:45"
"4136","Shufflepuck Cafe","1989","","Commodore Amiga","3.5","2008-09-12 14:24:40"
"17864","Sigi: A Fart for Melusina","2017","","Xbox One","2.5","2022-01-06 16:53:39"
"1608","Silkworm","1988","","Commodore Amiga","3","2019-10-03 00:15:27"
"1523","Simon the Sorcerer","1993","","Commodore Amiga","4.5","2007-10-29 19:11:15"
"21102","Sir Lovelot","2021","","Xbox One","3.5","2024-10-27 17:01:51"
"10792","Skeleton Krew","1995","","Commodore Amiga","3","2017-02-15 21:25:38"
"24937","Skidmarks","1993","","Commodore Amiga","3","2024-03-02 00:43:16"
"16797","Skylar & Plux: Adventure on Clover Island","2017","","Xbox One","2.5","2019-04-29 11:48:11"
"3096","Slamtilt","1996","","Commodore Amiga","5","2007-11-04 17:35:31"
"1537","Sleepwalker","1993","","Commodore Amiga","3","2007-11-01 12:59:11"
"11910","Smurfs 2, The","2013","","Xbox 360","3","2022-06-06 20:08:04"
"26588","Smurfs 2: The Prisoner of the Green Stone, The","2023","","Xbox Series X/S","2.5","2025-02-07 10:31:56"
"22514","Smurfs Kart","2023","Smurfen Kart","Xbox Series X/S","2.5","2025-10-03 09:28:06"
"21410","Smurfs: Mission Vileaf, The","2021","De Smurfen: Missie Vileaf","Xbox Series X/S","3.5","2024-01-03 20:46:59"
"2206","Soccer Kid","1993","Great Soccer Kid","Commodore Amiga","3.5","2007-10-29 14:47:43"
"56","Soldier of Fortune","2000","","PC","3.5","2007-10-29 15:39:50"
"21558","Somerville","2022","","Xbox Series X/S","3","2023-08-09 17:47:30"
"7068","Sonic & Sega All-Stars Racing","2010","","Xbox 360","3","2010-12-01 12:00:00"
"1342","Sonic Adventure","1999","Sonic Adventure DX","Sega Dreamcast","2.5","2007-10-29 20:26:43"
"524","Sonic Adventure 2","2001","Sonic Adventure 2 Battle","Sega Dreamcast","2.5","2007-10-29 20:27:01"
"2476","Sonic Rush","2005","","Nintendo DS","3","2007-10-29 17:49:13"
"2739","Sonic Rush Adventure","2007","","Nintendo DS","4","2008-09-17 16:54:02"
"1084","SoulCalibur","1998","","Sega Dreamcast","4","2007-10-29 20:27:59"
"25509","South of Midnight","2025","","Xbox Series X/S","4","2025-04-29 22:47:57"
"20997","Space Jam: A New Legacy - The Game","2021","","Xbox Series X/S","2.5","2021-07-05 20:17:15"
"28627","Space War: Infinity","2019","","Xbox Series X/S","2.5","2025-12-22 18:24:08"
"8034","Spec Ops: The Line","2012","","Xbox 360","4","2014-07-12 09:01:17"
"14278","Spectra","2015","Spectra 8 Bit Racer","Xbox One","3","2015-11-11 22:28:36"
"5206","Speed Devils","1998","","Sega Dreamcast","3","2020-05-20 17:09:28"
"1233","Speedball","1988","KlashBall","Commodore Amiga","3.5","2008-09-17 10:09:14"
"16","Speedball 2: Brutal Deluxe","1990","","Commodore Amiga","3.5","2007-10-29 15:16:56"
"9191","Spelunky","2008","","PlayStation Vita","3.5","2019-08-09 13:28:29"
"20313","Speris Legacy, The","1996","","Commodore Amiga","3.5","2020-10-12 21:32:34"
"16062","Spheroids","2016","","Xbox One","2.5","2018-07-28 22:47:32"
"3759","Spider-Man","2000","","Sega Dreamcast","3","2010-11-18 14:37:42"
"907","Spider-Man 3","2007","","Xbox 360","2.5","2007-10-29 20:25:58"
"10070","Spider-Man: Edge of Time","2011","","Xbox 360","3.5","2024-01-15 20:47:02"
"11595","Star Trek","2013","","Xbox 360","3","2021-12-02 20:25:33"
"879","Star Wars Episode I: Racer","1999","Star Wars Racer","PC","3.5","2020-11-07 12:08:40"
"18783","Star Wars Jedi: Fallen Order","2019","","Xbox One","4.5","2019-11-28 23:41:08"
"23356","Star Wars Outlaws","2024","","Xbox Series X/S","4","2026-01-18 01:38:20"
"16225","Star Wars: Battlefront II","2017","","Xbox One","3.5","2019-01-19 11:43:06"
"1328","Star Wars: Republic Commando","2005","","PC","3.5","2007-10-29 14:40:21"
"3061","Stardust","1993","","Commodore Amiga","3.5","2007-11-04 00:30:54"
"16546","Stardust Galaxy Warriors: Stellar Climax","2015","","Xbox One","3.5","2018-02-14 11:51:15"
"20942","Starfield","2023","","Xbox Series X/S","4.5","2023-10-22 14:15:48"
"5957","Starquake","1984","","Atari ST","2.5","2008-09-14 21:36:46"
"18148","Strange Brigade","2018","","Xbox One","4","2022-03-03 08:06:31"
"216","Stranglehold","2007","John Woo Presents Stranglehold","Xbox 360","3","2007-10-29 14:44:30"
"19999","Stray","2022","","PlayStation 5","4","2023-02-10 18:07:10"
"1706","Street Fighter","1987","","Commodore Amiga","2.5","2007-10-29 20:41:55"
"594","Street Fighter II","1991","Street Fighter II: The World Warrior","Commodore Amiga","3.5","2007-10-29 20:41:08"
"324","Street Racer","1994","Street Racer Extra","Commodore Amiga","3","2008-09-10 11:11:09"
"2736","Streets of Rage","1991","Bare Knuckle: Ikari no Tekken","Sega Mega Drive/Genesis","4","2022-01-11 18:39:18"
"19819","Streets of Rage 4","2020","Bare Knuckle 4","Xbox One","4","2020-05-24 17:25:39"
"4371","Striker","1992","World Cup Striker","Commodore Amiga","2","2008-09-09 14:07:32"
"753","Stunt Car Racer","1989","","Commodore Amiga","2.5","2007-10-29 15:47:04"
"16146","Super Bomberman R","2017","Super Bomberman R: Shiny Edition","Xbox One","3.5","2019-05-07 23:56:19"
"5994","Super Cars","1990","","Commodore Amiga","3","2008-09-17 19:00:45"
"5995","Super Cars II","1991","","Commodore Amiga","3.5","2008-09-17 19:01:52"
"17689","Super Destronaut DX","2018","","Xbox One","2.5","2018-07-31 17:23:33"
"5962","Super Hang-On","1987","3D Super Hang-On","Atari ST","4","2008-09-15 19:51:14"
"1629","Super Mario 64 DS","2004","","Nintendo DS","4","2008-09-11 11:15:53"
"15215","Super Mario Run","2016","","Apple iOS","3","2016-12-21 23:23:11"
"463","Super Mario World 2: Yoshi's Island","1995","Yoshi's Island: Super Mario Advance 3","Game Boy Advance","4","2007-10-29 20:59:51"
"8484","Super Meat Boy","2010","","Xbox 360","5","2010-12-03 13:01:36"
"16214","Super Night Riders","2016","","Xbox One","3","2017-04-13 10:10:47"
"11516","Super Skidmarks","1995","Skidmarks 2","Commodore Amiga","3","2016-07-11 18:20:52"
"5872","Super Stardust","1994","","Commodore Amiga","3.5","2008-09-09 16:17:44"
"500","Super Street Fighter II","1993","Super Street Fighter II: The New Challengers","Commodore Amiga","3","2007-10-29 21:49:38"
"24636","Super Tennis Blast","2019","","Xbox One","2.5","2024-01-17 23:10:29"
"5914","Super Tennis Champs","1995","","Commodore Amiga","4","2008-09-12 21:36:26"
"17688","Super Volley Blast","2018","","Xbox One","3","2022-09-10 14:31:59"
"18771","Super Weekend Mode","2018","","Xbox One","2","2020-02-12 16:40:28"
"3138","Superfrog","1993","","Commodore Amiga","4.5","2007-11-16 00:36:58"
"12196","Superfrog HD","2013","","PlayStation Vita","4.5","2013-08-01 00:17:43"
"12059","Swapper, The","2013","","Xbox One","3","2016-08-16 17:54:06"
"20382","Swimsanity!","2020","","Xbox One","3.5","2020-12-16 21:42:31"
"21171","Switch 'N Shoot","2014","","Xbox One","3.5","2024-07-22 19:33:38"
"17933","T2: The Arcade Game","1991","Terminator 2: Judgment Day","Commodore Amiga","3","2018-08-25 16:15:04"
"15157","Tachyon Project","2015","","Xbox One","2.5","2016-08-19 17:56:51"
"28625","Takotan","2019","","Xbox Series X/S","3","2025-12-22 18:24:33"
"1039","Teenage Mutant Hero Turtles: The Coin-Op!","1989","Teenage Mutant Ninja Turtles","Commodore Amiga","2.5","2007-10-29 17:25:58"
"1038","Teenage Mutant Ninja Turtles","1989","Teenage Mutant Hero Turtles","Commodore Amiga","2.5","2007-10-29 17:25:50"
"21230","Teenage Mutant Ninja Turtles: Shredder's Revenge","2022","","Xbox One","4","2022-07-01 11:05:58"
"3615","Terminator 2: Judgment Day","1991","","Commodore Amiga","3","2008-09-10 10:15:18"
"26875","Terminator 2D: NO FATE","2025","","Xbox Series X/S","4","2025-12-16 10:23:42"
"1174","Terminator Salvation","2009","","Xbox 360","2.5","2017-12-27 14:53:29"
"19322","Terminator: Resistance","2019","Terminator: Resistance - Enhanced","Xbox One","3.5","2020-06-03 11:38:25"
"556","Test Drive","1987","","Commodore Amiga","2.5","2008-09-10 10:12:20"
"1956","Tetris DS","2006","","Nintendo DS","3.5","2007-10-29 14:40:04"
"20115","Tetris Effect: Connected","2020","","Xbox One","4","2020-11-21 21:08:42"
"1008","Theme Park","1994","Theme Park DS","Commodore Amiga","3","2007-10-29 15:57:24"
"749","Thief: The Dark Project","1998","","PC","3.5","2008-09-11 11:53:14"
"11889","Thomas Was Alone","2012","","Xbox One","2.5","2015-11-10 23:50:05"
"12796","Threes!","2014","","Apple iOS","3.5","2014-05-05 09:19:35"
"5966","Thrust","1986","","Atari ST","2","2008-09-15 22:23:16"
"3094","Thundercats","1988","","Atari ST","4","2007-11-04 17:34:48"
"11136","Thundercats","2012","","Nintendo DS","3","2019-12-28 23:10:31"
"4074","Time Crisis","1997","","PlayStation","4","2021-07-11 22:59:06"
"5876","Timekeepers","1995","","Commodore Amiga","4","2008-09-10 11:13:45"
"13305","Tiny Troopers: Joint Ops","2014","Tiny Troopers: Joint Ops XL","PlayStation Vita","3.5","2015-05-08 11:53:11"
"14957","Titanfall 2","2016","","Xbox One","4","2017-07-11 09:25:12"
"2576","TMNT","2007","TMNT: Teenage Mutant Ninja Turtles","Xbox 360","2","2007-10-29 17:26:36"
"16108","Toby: The Secret Mine","2015","","Xbox One","3","2017-03-04 13:05:39"
"123","Tom Clancy's Ghost Recon: Advanced Warfighter","2006","","Xbox 360","3","2007-10-29 20:40:55"
"18900","Tom Clancy's Ghost Recon: Breakpoint","2019","Ghost Recon: Breakpoint","Xbox One","3.5","2021-03-24 08:43:18"
"13915","Tom Clancy's Ghost Recon: Wildlands","2017","","Xbox One","3.5","2017-12-26 09:17:26"
"1169","Tom Clancy's Rainbow Six","1998","","PC","2.5","2007-10-29 15:47:12"
"104","Tom Clancy's Rainbow Six: Vegas","2006","Rainbow Six: Vegas","Xbox 360","4.5","2007-10-29 14:39:34"
"4296","Tom Clancy's Rainbow Six: Vegas 2","2008","Rainbow Six: Vegas 2","Xbox 360","4.5","2009-09-01 11:44:52"
"662","Tom Clancy's Splinter Cell","2002","Splinter Cell","PC","4","2007-10-29 15:39:56"
"11035","Tom Clancy's Splinter Cell: Blacklist","2013","","Xbox 360","4","2024-01-09 11:02:12"
"522","Tom Clancy's Splinter Cell: Chaos Theory","2005","Tom Clancy's Splinter Cell 3D","PC","3","2007-10-29 15:58:05"
"1024","Tom Clancy's Splinter Cell: Pandora Tomorrow","2004","Tom Clancy's Splinter Cell: Pandora Tomorrow HD","PC","4","2007-10-29 15:40:23"
"12730","Tom Clancy's The Division","2016","","Xbox One","4","2016-05-24 13:38:41"
"17580","Tom Clancy's The Division 2","2019","","Xbox One","4","2019-05-05 10:45:47"
"12","Tomb Raider","1996","Tomb Raiders","PC","4","2007-10-29 15:32:32"
"9397","Tomb Raider","2013","Tomb Raider: Definitive Edition","Xbox 360","4","2013-04-01 03:05:38"
"145","Tomb Raider II","1997","Tomb Raider II: Starring Lara Croft","PC","3.5","2007-10-29 15:32:38"
"187","Tomb Raider III","1998","Tomb Raider III: Adventures of Lara Croft","PC","3","2007-10-29 20:26:09"
"231","Tomb Raider: Legend","2006","Lara Croft: Tomb Raider - Legend","PC","3.5","2007-10-30 13:21:02"
"224","Tomb Raider: The Last Revelation","1999","Tomb Raider IV: The Last Revelation","PC","3.5","2007-10-30 13:21:09"
"3698","Tomb Raider: Underworld","2008","","Xbox 360","3","2017-06-22 01:35:47"
"1199","Tony Hawk's Underground 2","2004","Tony Hawk's Underground 2: Remix","PC","3","2007-10-30 13:22:49"
"4648","Top Gear 2","1993","Top Racer 2","Commodore Amiga","2.5","2022-10-01 15:54:03"
"19426","Touryst, The","2019","","Xbox Series X/S","3.5","2021-07-19 23:10:08"
"21206","Townscaper","2020","","Xbox Series X/S","2.5","2021-12-29 22:33:09"
"4192","Toybox Turbos","2014","","Xbox 360","3.5","2020-11-17 08:14:13"
"11151","Transformers: Fall of Cybertron","2012","","Xbox 360","4","2012-11-03 14:57:24"
"8126","Transformers: War for Cybertron","2010","","Xbox 360","3.5","2023-11-25 17:52:12"
"18740","Trap Runner","2018","","Commodore Amiga","3.5","2019-12-23 09:58:21"
"25811","Trollhunters: Defenders of Arcadia","2020","","Xbox One","2.5","2024-07-16 15:14:02"
"14670","TRON RUN/r","2015","","Xbox One","3.5","2016-06-26 13:10:40"
"20593","Turnip Boy Commits Tax Evasion","2021","","Xbox One","2.5","2023-05-09 01:20:02"
"15275","TurnOn","2016","","Xbox One","3.5","2016-09-26 17:22:25"
"781","Turok","1997","Turok: Dinosaur Hunter","PC","3","2008-09-11 13:21:49"
"375","Turok 2: Seeds of Evil","1998","Violence Killer: Turok New Generation","PC","3","2007-10-30 13:21:39"
"1805","Turrican","1990","","Commodore Amiga","3.5","2007-10-29 15:53:28"
"368","Turrican II: The Final Fight","1991","Turrican II","Commodore Amiga","5","2007-10-29 15:58:22"
"10883","UEFA Euro 2012","2012","UEFA Euro 2012 Poland - Ukraine","Xbox 360","4","2012-05-07 11:14:16"
"1107","Ugh!","1992","","Commodore Amiga","3","2007-10-29 15:40:44"
"8507","Ultim@te Race Pro","1998","Ultimate Race Pro","PC","3.5","2020-01-26 23:48:22"
"18912","Ultracore","2019","","Sega Mega Drive/Genesis","4","2024-04-10 21:40:03"
"12982","Uncharted 4: A Thief's End","2016","","PlayStation 4","4.5","2018-06-08 23:05:43"
"9932","Uncharted: Golden Abyss","2011","","PlayStation Vita","4","2012-03-05 22:16:52"
"12383","Universe","1994","","Commodore Amiga","3","2021-01-03 12:06:39"
"21517","Unpacking","2021","","Xbox One","2","2022-01-11 18:03:04"
"13890","Unravel","2016","","Xbox One","4","2016-03-15 10:55:02"
"17569","Unravel Two","2018","Unravel 2","Xbox One","4","2018-12-26 15:28:24"
"555","Unreal","1998","","PC","3.5","2008-09-10 10:13:04"
"557","Unreal II","2003","Unreal 2","PC","3","2007-10-30 13:22:14"
"24","Unreal Tournament","1999","","PC","3.5","2007-10-29 15:40:34"
"6498","Up","2009","","Xbox 360","3","2017-12-16 16:40:01"
"8100","Valhalla & The Fortress of Eve","1996","","Commodore Amiga","3","2010-02-19 09:10:01"
"8099","Valhalla & The Lord of Infinity","1994","","Commodore Amiga","2.5","2010-02-19 09:09:27"
"8096","Valhalla: Before The War","1995","","Commodore Amiga","3","2010-02-18 23:48:09"
"12950","Valiant Hearts: The Great War","2014","Soldats Inconnus : MÃ©moires de la Grande Guerre","Xbox One","3.5","2014-11-05 19:56:20"
"22073","Vampire Survivors","2022","","Xbox Series X/S","4","2023-12-17 10:05:10"
"4229","Velvet Assassin","2009","","Xbox 360","3.5","2025-12-01 15:43:24"
"17751","VideoKid, The","2017","","Xbox One","3.5","2019-01-17 08:04:57"
"8098","Virocop","1995","","Commodore Amiga","3.5","2010-02-19 09:09:08"
"4348","Virtua Cop 2","1996","Virtua Squad 2","PC","4","2008-09-11 13:21:11"
"656","Virtua Tennis 2","2001","SEGA Sports Tennis 2K2","Sega Dreamcast","4.5","2007-10-29 15:17:41"
"6453","Virtua Tennis 2009","2009","","Xbox 360","3.5","2009-06-16 12:53:16"
"675","Virtua Tennis 3","2006","Power Smash 3","Xbox 360","4.5","2007-10-29 14:43:58"
"9291","Virtua Tennis 4","2011","Power Smash 4","PlayStation Vita","3.5","2013-03-19 13:25:01"
"13470","VÃ¶lgarr the Viking","2013","","Xbox One","2.5","2018-12-11 01:31:39"
"119","Wâ˜¢ï¸rms Armageddon","1999","Worms Armageddon","PC","3","2007-10-29 15:57:42"
"5869","Walker","1993","","Commodore Amiga","3","2008-09-09 14:55:03"
"10859","Walking Dead, The","2012","","Xbox 360","3.5","2012-05-17 15:04:28"
"6077","Wallace & Gromit Episode 1: Fright of the Bumblebees","2009","","Xbox 360","3","2010-01-15 13:05:39"
"6291","Wanted: Weapons of Fate","2009","","Xbox 360","3","2010-01-26 10:17:10"
"21765","Watchtower","1996","","Commodore Amiga","3.5","2022-02-03 12:23:46"
"17172","Way Out, A","2018","","Xbox One","3.5","2020-11-27 23:25:05"
"4736","Wet","2009","WET","Xbox 360","3","2010-01-08 18:58:57"
"13416","What Remains of Edith Finch","2017","","Xbox One","3.5","2021-12-05 12:49:41"
"26337","Wheel World","2025","","Xbox Series X/S","3.5","2025-08-02 10:17:17"
"24840","Whipseey and the Lost Atlas","2019","","Xbox One","3","2024-02-13 13:08:25"
"12388","Whizz","1994","","Commodore Amiga","2.5","2020-05-20 10:49:55"
"20312","Wild Wheels","1991","","Commodore Amiga","2.5","2020-10-12 21:29:03"
"413","Winter Olympics: Lillehammer 94","1994","","Commodore Amiga","3","2022-02-16 12:55:04"
"9923","Wipeout 2048","2011","","PlayStation Vita","3.5","2013-08-31 11:53:43"
"19489","Without Escape","2018","","Xbox One","2","2025-09-24 08:21:23"
"3037","Wizball","1988","","Atari ST","4","2007-11-01 12:19:12"
"12241","Wolf Among Us, The","2013","","Xbox One","3","2017-04-25 21:44:29"
"5132","Wolfchild","1994","","Commodore Amiga","3","2008-09-10 10:28:03"
"6775","Wolfenstein","2009","","Xbox 360","3.5","2009-09-23 13:37:12"
"12213","Wolfenstein: The New Order","2014","","Xbox One","3.5","2014-11-10 17:31:50"
"10419","Wonder Dog","1992","","Commodore Amiga","3","2020-05-06 12:27:17"
"17020","Woodle Tree Adventures","2016","Woodle Tree Adventures Deluxe","Xbox One","2","2024-12-04 07:57:37"
"10643","WordFeud","2011","","Apple iOS","4","2012-01-13 10:50:49"
"568","Worms","1995","","Commodore Amiga","4.5","2007-10-29 15:57:31"
"88","Worms 2","1997","","PC","3","2007-10-29 15:53:49"
"17906","Worthy","2018","","Commodore Amiga","3.5","2018-12-31 10:41:28"
"12393","WRC 4: FIA World Rally Championship","2013","","PlayStation Vita","3.5","2021-04-27 12:56:11"
"21767","X-It","1994","Zonked","Commodore Amiga","4","2022-02-06 17:48:03"
"6439","X-Men Origins: Wolverine - Uncaged Edition","2009","","Xbox 360","3","2021-12-18 14:33:16"
"19259","Xeno Crisis","2019","","Sega Dreamcast","3.5","2020-09-23 19:47:48"
"5907","Xenon","1988","","Atari ST","2.5","2008-09-12 16:45:47"
"1264","Xenon 2: Megablast","1989","","Commodore Amiga","3.5","2007-10-29 15:17:08"
"26840","XTreme Racing","1995","","Commodore Amiga","4","2025-02-19 22:29:35"
"11030","Yo! Joe! Beat the Ghosts","1993","","Commodore Amiga","3","2018-04-03 21:22:13"
"2156","Yoshi Touch & Go","2005","","Nintendo DS","4","2008-09-17 16:54:57"
"1620","Yoshi's Island DS","2006","","Nintendo DS","3.5","2020-01-11 16:42:33"
"245","Zak McKracken and the Alien Mindbenders","1988","","Commodore Amiga","3.5","2007-11-04 17:39:41"
"2074","Zool","1992","Zool: Ninja of the ""Nth"" Dimension","Commodore Amiga","2.5","2007-10-29 15:47:39"
"7301","Zool 2","1993","","Commodore Amiga","3.5","2009-09-16 15:36:30"
"7300","Zyconix","1992","","Commodore Amiga","2.5","2009-09-16 15:35:27"
"5933","Zynaps","1987","","Atari ST","3.5","2008-09-13 21:17:30"
